,1970,1975,1980,1985,1990,1995,2000,2005
en,17.0,7.0,15.0,20.0,27.0,13.0,22.0,14.0
de,16.0,14.0,18.0,37.0,26.0,27.0,28.0,29.0
mi,8.0,7.0,8.0,8.0,5.0,14.0,10.0,6.0
la,7.0,6.0,14.0,17.0,17.0,22.0,12.0,11.0
con,7.0,6.0,9.0,13.0,13.0,11.0,11.0,17.0
a,7.0,5.0,9.0,12.0,11.0,8.0,11.0,12.0
las,6.0,2.0,9.0,8.0,7.0,8.0,3.0,2.0
y,5.0,12.0,12.0,11.0,7.0,20.0,18.0,15.0
el,5.0,6.0,14.0,17.0,15.0,8.0,11.0,12.0
que,4.0,4.0,14.0,11.0,8.0,15.0,12.0,11.0
era,4.0,4.0,4.0,1.0,0.0,0.0,3.0,4.0
cuando,4.0,3.0,3.0,6.0,1.0,0.0,5.0,1.0
un,3.0,6.0,4.0,0.0,5.0,2.0,10.0,5.0
canciones,3.0,4.0,3.0,3.0,4.0,6.0,5.0,2.0
coche,3.0,2.0,3.0,4.0,1.0,1.0,1.0,2.0
una,3.0,2.0,2.0,5.0,8.0,3.0,1.0,4.0
o,3.0,1.0,2.0,3.0,0.0,0.0,2.0,3.0
me,2.0,7.0,5.0,10.0,9.0,11.0,11.0,12.0
los,2.0,6.0,0.0,3.0,5.0,1.0,3.0,3.0
,2.0,4.0,3.0,3.0,5.0,3.0,3.0,6.0
mis,2.0,2.0,3.0,4.0,3.0,3.0,4.0,6.0
madre,2.0,2.0,2.0,0.0,0.0,1.0,2.0,1.0
del,2.0,1.0,4.0,2.0,4.0,2.0,5.0,4.0
casa,2.0,1.0,2.0,4.0,0.0,0.0,1.0,1.0
familia,2.0,1.0,0.0,1.0,0.0,1.0,1.0,0.0
años,2.0,1.0,0.0,0.0,1.0,1.0,1.0,3.0
cantar,2.0,1.0,0.0,0.0,0.0,0.0,1.0,1.0
fiestas,2.0,0.0,1.0,3.0,2.0,1.0,1.0,0.0
pueblo,2.0,0.0,1.0,2.0,2.0,2.0,4.0,1.0
han,2.0,0.0,1.0,2.0,1.0,0.0,2.0,0.0
viaje,2.0,0.0,1.0,1.0,1.0,0.0,1.0,2.0
moros,2.0,0.0,0.0,0.0,0.0,0.0,0.0,0.0
recuerdo,1.0,5.0,5.0,3.0,3.0,2.0,4.0,3.0
para,1.0,2.0,1.0,2.0,0.0,3.0,1.0,1.0
Recuerdo,1.0,2.0,1.0,0.0,1.0,1.0,2.0,2.0
canción,1.0,1.0,4.0,2.0,1.0,2.0,2.0,3.0
al,1.0,1.0,1.0,2.0,1.0,0.0,2.0,2.0
lo,1.0,1.0,1.0,1.0,3.0,4.0,0.0,6.0
todo,1.0,1.0,1.0,0.0,1.0,1.0,0.0,0.0
solía,1.0,1.0,1.0,0.0,0.0,0.0,0.0,0.0
"madre,",1.0,1.0,1.0,0.0,0.0,0.0,0.0,0.0
esa,1.0,1.0,0.0,3.0,1.0,1.0,2.0,0.0
ya,1.0,1.0,0.0,1.0,1.0,0.0,0.0,2.0
padres,1.0,1.0,0.0,1.0,0.0,0.0,1.0,2.0
Muchas,1.0,1.0,0.0,1.0,0.0,0.0,1.0,0.0
donde,1.0,1.0,0.0,1.0,0.0,0.0,0.0,0.0
karaoke,1.0,1.0,0.0,1.0,0.0,0.0,0.0,0.0
otros,1.0,1.0,0.0,0.0,1.0,0.0,1.0,0.0
flipaba,1.0,1.0,0.0,0.0,0.0,1.0,0.0,0.0
pequeño,1.0,1.0,0.0,0.0,0.0,0.0,1.0,0.0
música,1.0,0.0,2.0,1.0,0.0,2.0,0.0,0.0
colegio,1.0,0.0,2.0,1.0,0.0,1.0,1.0,1.0
como,1.0,0.0,2.0,1.0,0.0,0.0,0.0,1.0
Algunas,1.0,0.0,2.0,0.0,2.0,0.0,0.0,0.0
he,1.0,0.0,1.0,3.0,6.0,3.0,1.0,0.0
ir,1.0,0.0,1.0,3.0,0.0,1.0,2.0,0.0
radio,1.0,0.0,1.0,2.0,0.0,2.0,1.0,1.0
escuchado,1.0,0.0,1.0,1.0,1.0,1.0,0.0,0.0
Me,1.0,0.0,1.0,1.0,0.0,1.0,1.0,2.0
"pequeño,",1.0,0.0,1.0,1.0,0.0,1.0,0.0,0.0
otras,1.0,0.0,1.0,0.0,2.0,0.0,1.0,1.0
verano,1.0,0.0,1.0,0.0,0.0,0.0,2.0,0.0
ellas,1.0,0.0,1.0,0.0,0.0,0.0,1.0,0.0
iba,1.0,0.0,1.0,0.0,0.0,0.0,0.0,0.0
La,1.0,0.0,0.0,2.0,2.0,3.0,3.0,4.0
recuerdos,1.0,0.0,0.0,2.0,1.0,2.0,1.0,2.0
mientras,1.0,0.0,0.0,1.0,1.0,0.0,0.0,4.0
ponía,1.0,0.0,0.0,1.0,1.0,0.0,0.0,1.0
resto,1.0,0.0,0.0,1.0,1.0,0.0,0.0,0.0
trae,1.0,0.0,0.0,1.0,0.0,0.0,0.0,1.0
tía,1.0,0.0,0.0,1.0,0.0,0.0,0.0,0.0
barraca,1.0,0.0,0.0,1.0,0.0,0.0,0.0,0.0
pasaba,1.0,0.0,0.0,1.0,0.0,0.0,0.0,0.0
hace,1.0,0.0,0.0,0.0,2.0,1.0,0.0,1.0
haciendo,1.0,0.0,0.0,0.0,2.0,1.0,0.0,0.0
toda,1.0,0.0,0.0,0.0,1.0,1.0,0.0,1.0
"verano,",1.0,0.0,0.0,0.0,1.0,0.0,1.0,0.0
sus,1.0,0.0,0.0,0.0,1.0,0.0,0.0,1.0
feliz.,1.0,0.0,0.0,0.0,1.0,0.0,0.0,0.0
ese,1.0,0.0,0.0,0.0,0.0,1.0,2.0,2.0
ser,1.0,0.0,0.0,0.0,0.0,1.0,2.0,1.0
hermanas,1.0,0.0,0.0,0.0,0.0,1.0,1.0,0.0
5,1.0,0.0,0.0,0.0,0.0,1.0,0.0,1.0
adolescencia.,1.0,0.0,0.0,0.0,0.0,1.0,0.0,0.0
Nochevieja,1.0,0.0,0.0,0.0,0.0,1.0,0.0,0.0
Las,1.0,0.0,0.0,0.0,0.0,1.0,0.0,0.0
general,1.0,0.0,0.0,0.0,0.0,1.0,0.0,0.0
incluso,1.0,0.0,0.0,0.0,0.0,1.0,0.0,0.0
fin,1.0,0.0,0.0,0.0,0.0,0.0,3.0,0.0
algunas,1.0,0.0,0.0,0.0,0.0,0.0,1.0,1.0
curso,1.0,0.0,0.0,0.0,0.0,0.0,1.0,0.0
tenia,1.0,0.0,0.0,0.0,0.0,0.0,0.0,1.0
clase.,1.0,0.0,0.0,0.0,0.0,0.0,0.0,1.0
sido,1.0,0.0,0.0,0.0,0.0,0.0,0.0,1.0
hacíamos,1.0,0.0,0.0,0.0,0.0,0.0,0.0,1.0
Estar,1.0,0.0,0.0,0.0,0.0,0.0,0.0,0.0
cena,1.0,0.0,0.0,0.0,0.0,0.0,0.0,0.0
"tías,",1.0,0.0,0.0,0.0,0.0,0.0,0.0,0.0
reunida.,1.0,0.0,0.0,0.0,0.0,0.0,0.0,0.0
empezar,1.0,0.0,0.0,0.0,0.0,0.0,0.0,0.0
"volumen,",1.0,0.0,0.0,0.0,0.0,0.0,0.0,0.0
siguieran.,1.0,0.0,0.0,0.0,0.0,0.0,0.0,0.0
Debió,1.0,0.0,0.0,0.0,0.0,0.0,0.0,0.0
Es,1.0,0.0,0.0,0.0,0.0,0.0,0.0,0.0
"divertido,",1.0,0.0,0.0,0.0,0.0,0.0,0.0,0.0
relaciono,1.0,0.0,0.0,0.0,0.0,0.0,0.0,0.0
viajes,1.0,0.0,0.0,0.0,0.0,0.0,0.0,0.0
Callosa,1.0,0.0,0.0,0.0,0.0,0.0,0.0,0.0
"Segura,",1.0,0.0,0.0,0.0,0.0,0.0,0.0,0.0
mas,1.0,0.0,0.0,0.0,0.0,0.0,0.0,0.0
15,1.0,0.0,0.0,0.0,0.0,0.0,0.0,0.0
"cristianos,",1.0,0.0,0.0,0.0,0.0,0.0,0.0,0.0
benimerines,1.0,0.0,0.0,0.0,0.0,0.0,0.0,0.0
Cenas,1.0,0.0,0.0,0.0,0.0,0.0,0.0,0.0
"Navidad,",1.0,0.0,0.0,0.0,0.0,0.0,0.0,0.0
etc.,1.0,0.0,0.0,0.0,0.0,0.0,0.0,0.0
Ver,1.0,0.0,0.0,0.0,0.0,0.0,0.0,0.0
actuaciones,1.0,0.0,0.0,0.0,0.0,0.0,0.0,0.0
históricas,1.0,0.0,0.0,0.0,0.0,0.0,0.0,0.0
españolas,1.0,0.0,0.0,0.0,0.0,0.0,0.0,0.0
televisión,1.0,0.0,0.0,0.0,0.0,0.0,0.0,0.0
familia.,1.0,0.0,0.0,0.0,0.0,0.0,0.0,0.0
Un,1.0,0.0,0.0,0.0,0.0,0.0,0.0,0.0
llamado,1.0,0.0,0.0,0.0,0.0,0.0,0.0,0.0
Burgo,1.0,0.0,0.0,0.0,0.0,0.0,0.0,0.0
"vivía,",1.0,0.0,0.0,0.0,0.0,0.0,0.0,0.0
"profesora,",1.0,0.0,0.0,0.0,0.0,0.0,0.0,0.0
bailamos,1.0,0.0,0.0,0.0,0.0,0.0,0.0,0.0
alumnos,1.0,0.0,0.0,0.0,0.0,0.0,0.0,0.0
ensayar,1.0,0.0,0.0,0.0,0.0,0.0,0.0,0.0
genial.,1.0,0.0,0.0,0.0,0.0,0.0,0.0,0.0
"

En",1.0,0.0,0.0,0.0,0.0,0.0,0.0,0.0
casos,1.0,0.0,0.0,0.0,0.0,0.0,0.0,0.0
cantinelas,1.0,0.0,0.0,0.0,0.0,0.0,0.0,0.0
hacían,1.0,0.0,0.0,0.0,0.0,0.0,0.0,0.0
tareas,1.0,0.0,0.0,0.0,0.0,0.0,0.0,0.0
"hogar,",1.0,0.0,0.0,0.0,0.0,0.0,0.0,0.0
tono,1.0,0.0,0.0,0.0,0.0,0.0,0.0,0.0
humorístico,1.0,0.0,0.0,0.0,0.0,0.0,0.0,0.0
referencia,1.0,0.0,0.0,0.0,0.0,0.0,0.0,0.0
adulto.,1.0,0.0,0.0,0.0,0.0,0.0,0.0,0.0
Algún,1.0,0.0,0.0,0.0,0.0,0.0,0.0,0.0
cassette,1.0,0.0,0.0,0.0,0.0,0.0,0.0,0.0
sonado.,1.0,0.0,0.0,0.0,0.0,0.0,0.0,0.0
veranear,1.0,0.0,0.0,0.0,0.0,0.0,0.0,0.0
Almería.,1.0,0.0,0.0,0.0,0.0,0.0,0.0,0.0
cantábamos,1.0,0.0,0.0,0.0,0.0,0.0,0.0,0.0
escuchábamos,1.0,0.0,0.0,0.0,0.0,0.0,0.0,0.0
tele.,1.0,0.0,0.0,0.0,0.0,0.0,0.0,0.0
Grease,0.0,6.0,0.0,0.0,1.0,0.0,0.0,0.0
varias,0.0,3.0,0.0,0.0,0.0,0.0,0.0,0.0
se,0.0,2.0,3.0,0.0,0.0,3.0,1.0,1.0
por,0.0,2.0,1.0,7.0,4.0,1.0,0.0,2.0
esas,0.0,2.0,1.0,0.0,0.0,0.0,2.0,0.0
mucho,0.0,2.0,0.0,1.0,1.0,1.0,2.0,4.0
A,0.0,2.0,0.0,0.0,1.0,0.0,3.0,0.0
ver,0.0,2.0,0.0,0.0,0.0,0.0,0.0,0.0
gustó,0.0,2.0,0.0,0.0,0.0,0.0,0.0,0.0
pero,0.0,1.0,2.0,0.0,4.0,2.0,2.0,0.0
recuerdan,0.0,1.0,1.0,2.0,2.0,1.0,3.0,1.0
recuerda,0.0,1.0,1.0,2.0,1.0,0.0,1.0,1.0
coche.,0.0,1.0,1.0,2.0,1.0,0.0,1.0,0.0
Cuando,0.0,1.0,1.0,1.0,0.0,0.0,0.0,2.0
Mi,0.0,1.0,1.0,1.0,0.0,0.0,0.0,0.0
no,0.0,1.0,1.0,0.0,1.0,3.0,1.0,5.0
más,0.0,1.0,1.0,0.0,1.0,0.0,0.0,1.0
hermana,0.0,1.0,1.0,0.0,0.0,3.0,2.0,0.0
"mucho,",0.0,1.0,1.0,0.0,0.0,2.0,1.0,0.0
pequeña,0.0,1.0,1.0,0.0,0.0,0.0,2.0,1.0
eran,0.0,1.0,1.0,0.0,0.0,0.0,1.0,0.0
yo,0.0,1.0,1.0,0.0,0.0,0.0,0.0,0.0
estar,0.0,1.0,0.0,2.0,1.0,0.0,1.0,1.0
cantando,0.0,1.0,0.0,1.0,0.0,0.0,0.0,1.0
cuenta,0.0,1.0,0.0,1.0,0.0,0.0,0.0,0.0
Alguna,0.0,1.0,0.0,1.0,0.0,0.0,0.0,0.0
ni,0.0,1.0,0.0,0.0,2.0,0.0,0.0,0.0
si,0.0,1.0,0.0,0.0,2.0,0.0,0.0,0.0
son,0.0,1.0,0.0,0.0,1.0,1.0,2.0,1.0
visto,0.0,1.0,0.0,0.0,1.0,1.0,0.0,0.0
Bailar,0.0,1.0,0.0,0.0,1.0,0.0,0.0,0.0
novia,0.0,1.0,0.0,0.0,1.0,0.0,0.0,0.0
unos,0.0,1.0,0.0,0.0,0.0,1.0,0.0,2.0
entre,0.0,1.0,0.0,0.0,0.0,1.0,0.0,0.0
asociada,0.0,1.0,0.0,0.0,0.0,1.0,0.0,0.0
le,0.0,1.0,0.0,0.0,0.0,0.0,2.0,2.0
pequeña.,0.0,1.0,0.0,0.0,0.0,0.0,1.0,0.0
canciones.,0.0,1.0,0.0,0.0,0.0,0.0,1.0,0.0
cole,0.0,1.0,0.0,0.0,0.0,0.0,1.0,0.0
mayor,0.0,1.0,0.0,0.0,0.0,0.0,1.0,0.0
hasta,0.0,1.0,0.0,0.0,0.0,0.0,1.0,0.0
niños,0.0,1.0,0.0,0.0,0.0,0.0,1.0,0.0
4,0.0,1.0,0.0,0.0,0.0,0.0,0.0,1.0
imitar,0.0,1.0,0.0,0.0,0.0,0.0,0.0,1.0
menos,0.0,1.0,0.0,0.0,0.0,0.0,0.0,1.0
poner,0.0,1.0,0.0,0.0,0.0,0.0,0.0,1.0
acuerdo,0.0,1.0,0.0,0.0,0.0,0.0,0.0,1.0
regaló,0.0,1.0,0.0,0.0,0.0,0.0,0.0,1.0
hacerlo,0.0,1.0,0.0,0.0,0.0,0.0,0.0,1.0
discoteca,0.0,1.0,0.0,0.0,0.0,0.0,0.0,0.0
Penelope,0.0,1.0,0.0,0.0,0.0,0.0,0.0,0.0
"amigas,",0.0,1.0,0.0,0.0,0.0,0.0,0.0,0.0
intentando,0.0,1.0,0.0,0.0,0.0,0.0,0.0,0.0
coreografía.,0.0,1.0,0.0,0.0,0.0,0.0,0.0,0.0
situada,0.0,1.0,0.0,0.0,0.0,0.0,0.0,0.0
entrando,0.0,1.0,0.0,0.0,0.0,0.0,0.0,0.0
"derecha,",0.0,1.0,0.0,0.0,0.0,0.0,0.0,0.0
lejos,0.0,1.0,0.0,0.0,0.0,0.0,0.0,0.0
DJ.,0.0,1.0,0.0,0.0,0.0,0.0,0.0,0.0
domingos,0.0,1.0,0.0,0.0,0.0,0.0,0.0,0.0
"mañaneros,",0.0,1.0,0.0,0.0,0.0,0.0,0.0,0.0
cd,0.0,1.0,0.0,0.0,0.0,0.0,0.0,0.0
"tenía,",0.0,1.0,0.0,0.0,0.0,0.0,0.0,0.0
"otras,",0.0,1.0,0.0,0.0,0.0,0.0,0.0,0.0
estas,0.0,1.0,0.0,0.0,0.0,0.0,0.0,0.0
Cantaba,0.0,1.0,0.0,0.0,0.0,0.0,0.0,0.0
Sergio,0.0,1.0,0.0,0.0,0.0,0.0,0.0,0.0
Dalma,0.0,1.0,0.0,0.0,0.0,0.0,0.0,0.0
Daddy,0.0,1.0,0.0,0.0,0.0,0.0,0.0,0.0
Cool,0.0,1.0,0.0,0.0,0.0,0.0,0.0,0.0
hicimos,0.0,1.0,0.0,0.0,0.0,0.0,0.0,0.0
funcion,0.0,1.0,0.0,0.0,0.0,0.0,0.0,0.0
grease,0.0,1.0,0.0,0.0,0.0,0.0,0.0,0.0
"ensayos,",0.0,1.0,0.0,0.0,0.0,0.0,0.0,0.0
perdidamente,0.0,1.0,0.0,0.0,0.0,0.0,0.0,0.0
"adolescentes,",0.0,1.0,0.0,0.0,0.0,0.0,0.0,0.0
pavo,0.0,1.0,0.0,0.0,0.0,0.0,0.0,0.0
"tremendo,",0.0,1.0,0.0,0.0,0.0,0.0,0.0,0.0
Cantando,0.0,1.0,0.0,0.0,0.0,0.0,0.0,0.0
Siempre,0.0,1.0,0.0,0.0,0.0,0.0,0.0,0.0
viajo,0.0,1.0,0.0,0.0,0.0,0.0,0.0,0.0
vamos,0.0,1.0,0.0,0.0,0.0,0.0,0.0,0.0
ponen,0.0,1.0,0.0,0.0,0.0,0.0,0.0,0.0
les,0.0,1.0,0.0,0.0,0.0,0.0,0.0,0.0
gustan,0.0,1.0,0.0,0.0,0.0,0.0,0.0,0.0
sobre,0.0,1.0,0.0,0.0,0.0,0.0,0.0,0.0
italianas,0.0,1.0,0.0,0.0,0.0,0.0,0.0,0.0
"cumpleaños,",0.0,1.0,0.0,0.0,0.0,0.0,0.0,0.0
tendría,0.0,1.0,0.0,0.0,0.0,0.0,0.0,0.0
9-10,0.0,1.0,0.0,0.0,0.0,0.0,0.0,0.0
celebró,0.0,1.0,0.0,0.0,0.0,0.0,0.0,0.0
colores,0.0,1.0,0.0,0.0,0.0,0.0,0.0,0.0
"(amarillo,",0.0,1.0,0.0,0.0,0.0,0.0,0.0,0.0
"naranja,",0.0,1.0,0.0,0.0,0.0,0.0,0.0,0.0
rojo),0.0,1.0,0.0,0.0,0.0,0.0,0.0,0.0
platos,0.0,1.0,0.0,0.0,0.0,0.0,0.0,0.0
vasos.,0.0,1.0,0.0,0.0,0.0,0.0,0.0,0.0
Tengo,0.0,1.0,0.0,0.0,0.0,0.0,0.0,0.0
extraordinariamente,0.0,1.0,0.0,0.0,0.0,0.0,0.0,0.0
"casa,",0.0,1.0,0.0,0.0,0.0,0.0,0.0,0.0
quienes,0.0,1.0,0.0,0.0,0.0,0.0,0.0,0.0
quien,0.0,1.0,0.0,0.0,0.0,0.0,0.0,0.0
cumpleaños.,0.0,1.0,0.0,0.0,0.0,0.0,0.0,0.0
Bonnie,0.0,1.0,0.0,0.0,0.0,0.0,0.0,0.0
M,0.0,1.0,0.0,0.0,0.0,0.0,0.0,0.0
descubrí,0.0,1.0,0.0,0.0,0.0,0.0,0.0,0.0
"Turisas,",0.0,1.0,0.0,0.0,0.0,0.0,0.0,0.0
montón,0.0,1.0,0.0,0.0,0.0,0.0,0.0,0.0
metí,0.0,1.0,0.0,0.0,0.0,0.0,0.0,0.0
mp3.,0.0,1.0,0.0,0.0,0.0,0.0,0.0,0.0
primo,0.0,1.0,0.0,0.0,0.0,0.0,0.0,0.0
chaval,0.0,1.0,0.0,0.0,0.0,0.0,0.0,0.0
(nos,0.0,1.0,0.0,0.0,0.0,0.0,0.0,0.0
llevamos,0.0,1.0,0.0,0.0,0.0,0.0,0.0,0.0
20,0.0,1.0,0.0,0.0,0.0,0.0,0.0,0.0
tacos),0.0,1.0,0.0,0.0,0.0,0.0,0.0,0.0
haberle,0.0,1.0,0.0,0.0,0.0,0.0,0.0,0.0
"flipar,",0.0,1.0,0.0,0.0,0.0,0.0,0.0,0.0
disfrazarse,0.0,1.0,0.0,0.0,0.0,0.0,0.0,0.0
carnavales,0.0,1.0,0.0,0.0,0.0,0.0,0.0,0.0
Travolta,0.0,1.0,0.0,0.0,0.0,0.0,0.0,0.0
haha,0.0,1.0,0.0,0.0,0.0,0.0,0.0,0.0
poster,0.0,1.0,0.0,0.0,0.0,0.0,0.0,0.0
cumpleaños,0.0,1.0,0.0,0.0,0.0,0.0,0.0,0.0
peliculones,0.0,1.0,0.0,0.0,0.0,0.0,0.0,0.0
suelo,0.0,1.0,0.0,0.0,0.0,0.0,0.0,0.0
voy,0.0,1.0,0.0,0.0,0.0,0.0,0.0,0.0
(a,0.0,1.0,0.0,0.0,0.0,0.0,0.0,0.0
acaba,0.0,1.0,0.0,0.0,0.0,0.0,0.0,0.0
COVID,0.0,1.0,0.0,0.0,0.0,0.0,0.0,0.0
poder,0.0,1.0,0.0,0.0,0.0,0.0,0.0,0.0
volver,0.0,1.0,0.0,0.0,0.0,0.0,0.0,0.0
:´(,0.0,1.0,0.0,0.0,0.0,0.0,0.0,0.0
).,0.0,1.0,0.0,0.0,0.0,0.0,0.0,0.0
muy,0.0,0.0,3.0,0.0,2.0,2.0,2.0,0.0
escuchar,0.0,0.0,3.0,0.0,0.0,1.0,0.0,1.0
también,0.0,0.0,2.0,1.0,0.0,2.0,0.0,1.0
escuchando,0.0,0.0,2.0,1.0,0.0,0.0,1.0,0.0
bailaba,0.0,0.0,2.0,1.0,0.0,0.0,0.0,0.0
baile,0.0,0.0,2.0,0.0,2.0,1.0,1.0,0.0
estaba,0.0,0.0,2.0,0.0,1.0,1.0,1.0,1.0
Escuchar,0.0,0.0,2.0,0.0,0.0,2.0,0.0,1.0
Mecano,0.0,0.0,2.0,0.0,0.0,0.0,0.0,0.0
Thriller,0.0,0.0,2.0,0.0,0.0,0.0,0.0,0.0
otro,0.0,0.0,2.0,0.0,0.0,0.0,0.0,0.0
Había,0.0,0.0,2.0,0.0,0.0,0.0,0.0,0.0
bien.,0.0,0.0,2.0,0.0,0.0,0.0,0.0,0.0
otra,0.0,0.0,1.0,3.0,0.0,3.0,0.0,0.0
todos,0.0,0.0,1.0,2.0,2.0,1.0,0.0,0.0
vez,0.0,0.0,1.0,2.0,2.0,0.0,0.0,0.0
"coche,",0.0,0.0,1.0,2.0,1.0,0.0,0.0,0.0
amigos,0.0,0.0,1.0,1.0,1.0,1.0,1.0,1.0
fue,0.0,0.0,1.0,1.0,1.0,1.0,1.0,0.0
sin,0.0,0.0,1.0,1.0,1.0,0.0,0.0,0.0
FM,0.0,0.0,1.0,1.0,1.0,0.0,0.0,0.0
algún,0.0,0.0,1.0,1.0,0.0,1.0,0.0,0.0
día,0.0,0.0,1.0,1.0,0.0,0.0,1.0,0.0
e,0.0,0.0,1.0,1.0,0.0,0.0,0.0,1.0
desde,0.0,0.0,1.0,1.0,0.0,0.0,0.0,1.0
salón,0.0,0.0,1.0,1.0,0.0,0.0,0.0,0.0
8,0.0,0.0,1.0,1.0,0.0,0.0,0.0,0.0
KISS,0.0,0.0,1.0,1.0,0.0,0.0,0.0,0.0
porque,0.0,0.0,1.0,0.0,1.0,2.0,1.0,4.0
Kiss,0.0,0.0,1.0,0.0,1.0,2.0,0.0,0.0
bailar,0.0,0.0,1.0,0.0,1.0,1.0,2.0,0.0
estabamos,0.0,0.0,1.0,0.0,1.0,0.0,0.0,0.0
trabajo,0.0,0.0,1.0,0.0,1.0,0.0,0.0,0.0
tanto,0.0,0.0,1.0,0.0,1.0,0.0,0.0,0.0
año,0.0,0.0,1.0,0.0,1.0,0.0,0.0,0.0
todas,0.0,0.0,1.0,0.0,1.0,0.0,0.0,0.0
había,0.0,0.0,1.0,0.0,1.0,0.0,0.0,0.0
bailarlas,0.0,0.0,1.0,0.0,1.0,0.0,0.0,0.0
El,0.0,0.0,1.0,0.0,1.0,0.0,0.0,0.0
así,0.0,0.0,1.0,0.0,0.0,2.0,0.0,0.0
FM.,0.0,0.0,1.0,0.0,0.0,2.0,0.0,0.0
jugar,0.0,0.0,1.0,0.0,0.0,1.0,1.0,0.0
primer,0.0,0.0,1.0,0.0,0.0,1.0,1.0,0.0
ella,0.0,0.0,1.0,0.0,0.0,1.0,0.0,1.0
juntos.,0.0,0.0,1.0,0.0,0.0,1.0,0.0,0.0
primera,0.0,0.0,1.0,0.0,0.0,1.0,0.0,0.0
metió,0.0,0.0,1.0,0.0,0.0,1.0,0.0,0.0
De,0.0,0.0,1.0,0.0,0.0,0.0,3.0,0.0
niño,0.0,0.0,1.0,0.0,0.0,0.0,1.0,1.0
Cantar,0.0,0.0,1.0,0.0,0.0,0.0,1.0,0.0
adolescente,0.0,0.0,1.0,0.0,0.0,0.0,1.0,0.0
Con,0.0,0.0,1.0,0.0,0.0,0.0,1.0,0.0
reconocido,0.0,0.0,1.0,0.0,0.0,0.0,1.0,0.0
"hermanas,",0.0,0.0,1.0,0.0,0.0,0.0,0.0,1.0
Ir,0.0,0.0,1.0,0.0,0.0,0.0,0.0,1.0
dije,0.0,0.0,1.0,0.0,0.0,0.0,0.0,1.0
Asociar,0.0,0.0,1.0,0.0,0.0,0.0,0.0,0.0
cantante,0.0,0.0,1.0,0.0,0.0,0.0,0.0,0.0
clases,0.0,0.0,1.0,0.0,0.0,0.0,0.0,0.0
"asistía,",0.0,0.0,1.0,0.0,0.0,0.0,0.0,0.0
aunque,0.0,0.0,1.0,0.0,0.0,0.0,0.0,0.0
haya,0.0,0.0,1.0,0.0,0.0,0.0,0.0,0.0
exacta.,0.0,0.0,1.0,0.0,0.0,0.0,0.0,0.0
casa.,0.0,0.0,1.0,0.0,0.0,0.0,0.0,0.0
contaba,0.0,0.0,1.0,0.0,0.0,0.0,0.0,0.0
"""la",0.0,0.0,1.0,0.0,0.0,0.0,0.0,0.0
"canción""",0.0,0.0,1.0,0.0,0.0,0.0,0.0,0.0
tenían,0.0,0.0,1.0,0.0,0.0,0.0,0.0,0.0
"padre,",0.0,0.0,1.0,0.0,0.0,0.0,0.0,0.0
bailaron,0.0,0.0,1.0,0.0,0.0,0.0,0.0,0.0
TV,0.0,0.0,1.0,0.0,0.0,0.0,0.0,0.0
tía.,0.0,0.0,1.0,0.0,0.0,0.0,0.0,0.0
concierto,0.0,0.0,1.0,0.0,0.0,0.0,0.0,0.0
union,0.0,0.0,1.0,0.0,0.0,0.0,0.0,0.0
padres.,0.0,0.0,1.0,0.0,0.0,0.0,0.0,0.0
volumen,0.0,0.0,1.0,0.0,0.0,0.0,0.0,0.0
ensordecedor,0.0,0.0,1.0,0.0,0.0,0.0,0.0,0.0
intentar,0.0,0.0,1.0,0.0,0.0,0.0,0.0,0.0
gritar,0.0,0.0,1.0,0.0,0.0,0.0,0.0,0.0
encima,0.0,0.0,1.0,0.0,0.0,0.0,0.0,0.0
"ruido,",0.0,0.0,1.0,0.0,0.0,0.0,0.0,0.0
conseguir,0.0,0.0,1.0,0.0,0.0,0.0,0.0,0.0
oirme.,0.0,0.0,1.0,0.0,0.0,0.0,0.0,0.0
contentos,0.0,0.0,1.0,0.0,0.0,0.0,0.0,0.0
pleno,0.0,0.0,1.0,0.0,0.0,0.0,0.0,0.0
pulmón,0.0,0.0,1.0,0.0,0.0,0.0,0.0,0.0
Sing,0.0,0.0,1.0,0.0,0.0,0.0,0.0,0.0
Star,0.0,0.0,1.0,0.0,0.0,0.0,0.0,0.0
especialmente,0.0,0.0,1.0,0.0,0.0,0.0,0.0,0.0
aprendiendome,0.0,0.0,1.0,0.0,0.0,0.0,0.0,0.0
acrosport,0.0,0.0,1.0,0.0,0.0,0.0,0.0,0.0
"radiocassette,",0.0,0.0,1.0,0.0,0.0,0.0,0.0,0.0
gustaban,0.0,0.0,1.0,0.0,0.0,0.0,0.0,0.0
movidas,0.0,0.0,1.0,0.0,0.0,0.0,0.0,0.0
divertidas.,0.0,0.0,1.0,0.0,0.0,0.0,0.0,0.0
mp3,0.0,0.0,1.0,0.0,0.0,0.0,0.0,0.0
tuve,0.0,0.0,1.0,0.0,0.0,0.0,0.0,0.0
(no,0.0,0.0,1.0,0.0,0.0,0.0,0.0,0.0
descargada,0.0,0.0,1.0,0.0,0.0,0.0,0.0,0.0
emule,0.0,0.0,1.0,0.0,0.0,0.0,0.0,0.0
imagínate),0.0,0.0,1.0,0.0,0.0,0.0,0.0,0.0
respuesta,0.0,0.0,1.0,0.0,0.0,0.0,0.0,0.0
"repite,",0.0,0.0,1.0,0.0,0.0,0.0,0.0,0.0
conozco,0.0,0.0,1.0,0.0,0.0,0.0,0.0,0.0
través,0.0,0.0,1.0,0.0,0.0,0.0,0.0,0.0
Así,0.0,0.0,1.0,0.0,0.0,0.0,0.0,0.0
KissFM,0.0,0.0,1.0,0.0,0.0,0.0,0.0,0.0
"canciones,",0.0,0.0,1.0,0.0,0.0,0.0,0.0,0.0
ponían,0.0,0.0,1.0,0.0,0.0,0.0,0.0,0.0
rato.,0.0,0.0,1.0,0.0,0.0,0.0,0.0,0.0
terraza,0.0,0.0,1.0,0.0,0.0,0.0,0.0,0.0
"""Lobo",0.0,0.0,1.0,0.0,0.0,0.0,0.0,0.0
"hombre""",0.0,0.0,1.0,0.0,0.0,0.0,0.0,0.0
unión,0.0,0.0,1.0,0.0,0.0,0.0,0.0,0.0
ido,0.0,0.0,1.0,0.0,0.0,0.0,0.0,0.0
tocar,0.0,0.0,1.0,0.0,0.0,0.0,0.0,0.0
fiestas.,0.0,0.0,1.0,0.0,0.0,0.0,0.0,0.0
murió,0.0,0.0,1.0,0.0,0.0,0.0,0.0,0.0
Michael,0.0,0.0,1.0,0.0,0.0,0.0,0.0,0.0
Jackson,0.0,0.0,1.0,0.0,0.0,0.0,0.0,0.0
"hermano,",0.0,0.0,1.0,0.0,0.0,0.0,0.0,0.0
"fan,",0.0,0.0,1.0,0.0,0.0,0.0,0.0,0.0
salón.,0.0,0.0,1.0,0.0,0.0,0.0,0.0,0.0
momentos,0.0,0.0,1.0,0.0,0.0,0.0,0.0,0.0
puesto,0.0,0.0,1.0,0.0,0.0,0.0,0.0,0.0
garito.,0.0,0.0,1.0,0.0,0.0,0.0,0.0,0.0
trabajando,0.0,0.0,1.0,0.0,0.0,0.0,0.0,0.0
monitora,0.0,0.0,1.0,0.0,0.0,0.0,0.0,0.0
niñxs,0.0,0.0,1.0,0.0,0.0,0.0,0.0,0.0
pedían,0.0,0.0,1.0,0.0,0.0,0.0,0.0,0.0
thriller,0.0,0.0,1.0,0.0,0.0,0.0,0.0,0.0
"patio,",0.0,0.0,1.0,0.0,0.0,0.0,0.0,0.0
puse.,0.0,0.0,1.0,0.0,0.0,0.0,0.0,0.0
coreo,0.0,0.0,1.0,0.0,0.0,0.0,0.0,0.0
caóticamente,0.0,0.0,1.0,0.0,0.0,0.0,0.0,0.0
parecia,0.0,0.0,1.0,0.0,0.0,0.0,0.0,0.0
pasarselo,0.0,0.0,1.0,0.0,0.0,0.0,0.0,0.0
nos,0.0,0.0,0.0,3.0,0.0,2.0,2.0,0.0
tenía,0.0,0.0,0.0,3.0,0.0,0.0,2.0,2.0
voyage,0.0,0.0,0.0,3.0,0.0,0.0,0.0,0.0
puerta,0.0,0.0,0.0,3.0,0.0,0.0,0.0,0.0
En,0.0,0.0,0.0,2.0,1.0,3.0,0.0,1.0
siempre,0.0,0.0,0.0,2.0,1.0,1.0,0.0,1.0
mí,0.0,0.0,0.0,2.0,1.0,0.0,2.0,0.0
clase,0.0,0.0,0.0,2.0,1.0,0.0,1.0,3.0
amigas,0.0,0.0,0.0,2.0,1.0,0.0,0.0,1.0
padre,0.0,0.0,0.0,2.0,0.0,1.0,1.0,0.0
cinta,0.0,0.0,0.0,2.0,0.0,0.0,0.0,0.0
Bailando,0.0,0.0,0.0,2.0,0.0,0.0,0.0,0.0
ellos,0.0,0.0,0.0,2.0,0.0,0.0,0.0,0.0
Alcalá,0.0,0.0,0.0,2.0,0.0,0.0,0.0,0.0
especie,0.0,0.0,0.0,2.0,0.0,0.0,0.0,0.0
(,0.0,0.0,0.0,2.0,0.0,0.0,0.0,0.0
época,0.0,0.0,0.0,1.0,2.0,2.0,0.0,1.0
fiesta,0.0,0.0,0.0,1.0,2.0,0.0,1.0,0.0
No,0.0,0.0,0.0,1.0,1.0,0.0,2.0,0.0
años.,0.0,0.0,0.0,1.0,1.0,0.0,1.0,1.0
recordado,0.0,0.0,0.0,1.0,1.0,0.0,1.0,1.0
(en,0.0,0.0,0.0,1.0,1.0,0.0,1.0,0.0
mayoría,0.0,0.0,0.0,1.0,1.0,0.0,1.0,0.0
Como,0.0,0.0,0.0,1.0,1.0,0.0,1.0,0.0
Una,0.0,0.0,0.0,1.0,1.0,0.0,0.0,0.0
creo,0.0,0.0,0.0,1.0,1.0,0.0,0.0,0.0
tiempo,0.0,0.0,0.0,1.0,1.0,0.0,0.0,0.0
persona,0.0,0.0,0.0,1.0,1.0,0.0,0.0,0.0
bailado,0.0,0.0,0.0,1.0,1.0,0.0,0.0,0.0
The,0.0,0.0,0.0,1.0,0.0,1.0,0.0,1.0
juntos,0.0,0.0,0.0,1.0,0.0,1.0,0.0,1.0
Ahora,0.0,0.0,0.0,1.0,0.0,1.0,0.0,0.0
cantaba,0.0,0.0,0.0,1.0,0.0,1.0,0.0,0.0
alguna,0.0,0.0,0.0,1.0,0.0,1.0,0.0,0.0
CD,0.0,0.0,0.0,1.0,0.0,0.0,2.0,2.0
después,0.0,0.0,0.0,1.0,0.0,0.0,2.0,0.0
particular,0.0,0.0,0.0,1.0,0.0,0.0,1.0,1.0
"años,",0.0,0.0,0.0,1.0,0.0,0.0,1.0,0.0
sonaba,0.0,0.0,0.0,1.0,0.0,0.0,1.0,0.0
sentía,0.0,0.0,0.0,1.0,0.0,0.0,1.0,0.0
final,0.0,0.0,0.0,1.0,0.0,0.0,0.0,1.0
manos,0.0,0.0,0.0,1.0,0.0,0.0,0.0,1.0
favorita,0.0,0.0,0.0,1.0,0.0,0.0,0.0,1.0
precisión.,0.0,0.0,0.0,1.0,0.0,0.0,0.0,0.0
película,0.0,0.0,0.0,1.0,0.0,0.0,0.0,0.0
anuncio,0.0,0.0,0.0,1.0,0.0,0.0,0.0,0.0
"oído,",0.0,0.0,0.0,1.0,0.0,0.0,0.0,0.0
pre-adolescencia.,0.0,0.0,0.0,1.0,0.0,0.0,0.0,0.0
the,0.0,0.0,0.0,1.0,0.0,0.0,0.0,0.0
countdown,0.0,0.0,0.0,1.0,0.0,0.0,0.0,0.0
últimos,0.0,0.0,0.0,1.0,0.0,0.0,0.0,0.0
"años),",0.0,0.0,0.0,1.0,0.0,0.0,0.0,0.0
tocada,0.0,0.0,0.0,1.0,0.0,0.0,0.0,0.0
orquesta,0.0,0.0,0.0,1.0,0.0,0.0,0.0,0.0
cantada,0.0,0.0,0.0,1.0,0.0,0.0,0.0,0.0
grito,0.0,0.0,0.0,1.0,0.0,0.0,0.0,0.0
pelado,0.0,0.0,0.0,1.0,0.0,0.0,0.0,0.0
y/o,0.0,0.0,0.0,1.0,0.0,0.0,0.0,0.0
"bailando,",0.0,0.0,0.0,1.0,0.0,0.0,0.0,0.0
sobretodo,0.0,0.0,0.0,1.0,0.0,0.0,0.0,0.0
alrededor,0.0,0.0,0.0,1.0,0.0,0.0,0.0,0.0
2005-2010,0.0,0.0,0.0,1.0,0.0,0.0,0.0,0.0
Final,0.0,0.0,0.0,1.0,0.0,0.0,0.0,0.0
Countdown,0.0,0.0,0.0,1.0,0.0,0.0,0.0,0.0
Navidad,0.0,0.0,0.0,1.0,0.0,0.0,0.0,0.0
unas,0.0,0.0,0.0,1.0,0.0,0.0,0.0,0.0
éramos,0.0,0.0,0.0,1.0,0.0,0.0,0.0,0.0
pequeñas,0.0,0.0,0.0,1.0,0.0,0.0,0.0,0.0
grandes,0.0,0.0,0.0,1.0,0.0,0.0,0.0,0.0
clásicos,0.0,0.0,0.0,1.0,0.0,0.0,0.0,0.0
metal,0.0,0.0,0.0,1.0,0.0,0.0,0.0,0.0
íbamos,0.0,0.0,0.0,1.0,0.0,0.0,0.0,0.0
cinco,0.0,0.0,0.0,1.0,0.0,0.0,0.0,0.0
puso,0.0,0.0,0.0,1.0,0.0,0.0,0.0,0.0
volvíamos,0.0,0.0,0.0,1.0,0.0,0.0,0.0,0.0
pasar,0.0,0.0,0.0,1.0,0.0,0.0,0.0,0.0
parque,0.0,0.0,0.0,1.0,0.0,0.0,0.0,0.0
atracciones.,0.0,0.0,0.0,1.0,0.0,0.0,0.0,0.0
nuestro,0.0,0.0,0.0,1.0,0.0,0.0,0.0,0.0
vecino,0.0,0.0,0.0,1.0,0.0,0.0,0.0,0.0
llevaba,0.0,0.0,0.0,1.0,0.0,0.0,0.0,0.0
kiss,0.0,0.0,0.0,1.0,0.0,0.0,0.0,0.0
fm.,0.0,0.0,0.0,1.0,0.0,0.0,0.0,0.0
cancion,0.0,0.0,0.0,1.0,0.0,0.0,0.0,0.0
cantandola,0.0,0.0,0.0,1.0,0.0,0.0,0.0,0.0
(de,0.0,0.0,0.0,1.0,0.0,0.0,0.0,0.0
"pequeña,",0.0,0.0,0.0,1.0,0.0,0.0,0.0,0.0
conducían),0.0,0.0,0.0,1.0,0.0,0.0,0.0,0.0
(ahora,0.0,0.0,0.0,1.0,0.0,0.0,0.0,0.0
conduzco,0.0,0.0,0.0,1.0,0.0,0.0,0.0,0.0
yo).,0.0,0.0,0.0,1.0,0.0,0.0,0.0,0.0
Creo,0.0,0.0,0.0,1.0,0.0,0.0,0.0,0.0
sonado,0.0,0.0,0.0,1.0,0.0,0.0,0.0,0.0
constituyen,0.0,0.0,0.0,1.0,0.0,0.0,0.0,0.0
ochenta,0.0,0.0,0.0,1.0,0.0,0.0,0.0,0.0
ciento,0.0,0.0,0.0,1.0,0.0,0.0,0.0,0.0
suenan,0.0,0.0,0.0,1.0,0.0,0.0,0.0,0.0
"hace,",0.0,0.0,0.0,1.0,0.0,0.0,0.0,0.0
"menos,",0.0,0.0,0.0,1.0,0.0,0.0,0.0,0.0
quince,0.0,0.0,0.0,1.0,0.0,0.0,0.0,0.0
hemos,0.0,0.0,0.0,1.0,0.0,0.0,0.0,0.0
asocio,0.0,0.0,0.0,1.0,0.0,0.0,0.0,0.0
él.,0.0,0.0,0.0,1.0,0.0,0.0,0.0,0.0
doy,0.0,0.0,0.0,1.0,0.0,0.0,0.0,0.0
vida,0.0,0.0,0.0,1.0,0.0,0.0,0.0,0.0
pasado,0.0,0.0,0.0,1.0,0.0,0.0,0.0,0.0
compañeros,0.0,0.0,0.0,1.0,0.0,0.0,0.0,0.0
preescolar,0.0,0.0,0.0,1.0,0.0,0.0,0.0,0.0
profesora.,0.0,0.0,0.0,1.0,0.0,0.0,0.0,0.0
Hacíamos,0.0,0.0,0.0,1.0,0.0,0.0,0.0,0.0
escenificación/juego,0.0,0.0,0.0,1.0,0.0,0.0,0.0,0.0
turnábamos,0.0,0.0,0.0,1.0,0.0,0.0,0.0,0.0
hacer,0.0,0.0,0.0,1.0,0.0,0.0,0.0,0.0
alzando,0.0,0.0,0.0,1.0,0.0,0.0,0.0,0.0
brazos,0.0,0.0,0.0,1.0,0.0,0.0,0.0,0.0
diagonal,0.0,0.0,0.0,1.0,0.0,0.0,0.0,0.0
unir,0.0,0.0,0.0,1.0,0.0,0.0,0.0,0.0
crear,0.0,0.0,0.0,1.0,0.0,0.0,0.0,0.0
humana.,0.0,0.0,0.0,1.0,0.0,0.0,0.0,0.0
Mientras,0.0,0.0,0.0,1.0,0.0,0.0,0.0,0.0
"tanto,",0.0,0.0,0.0,1.0,0.0,0.0,0.0,0.0
debajo,0.0,0.0,0.0,1.0,0.0,0.0,0.0,0.0
arco,0.0,0.0,0.0,1.0,0.0,0.0,0.0,0.0
puerta.,0.0,0.0,0.0,1.0,0.0,0.0,0.0,0.0
diferentes,0.0,0.0,0.0,1.0,0.0,0.0,0.0,0.0
épocas,0.0,0.0,0.0,1.0,0.0,0.0,0.0,0.0
vida.,0.0,0.0,0.0,1.0,0.0,0.0,0.0,0.0
pelo,0.0,0.0,0.0,1.0,0.0,0.0,0.0,0.0
largo,0.0,0.0,0.0,1.0,0.0,0.0,0.0,0.0
"euroep,",0.0,0.0,0.0,1.0,0.0,0.0,0.0,0.0
puse,0.0,0.0,0.0,1.0,0.0,0.0,0.0,0.0
estudiar,0.0,0.0,0.0,1.0,0.0,0.0,0.0,0.0
frances,0.0,0.0,0.0,1.0,0.0,0.0,0.0,0.0
aprendí,0.0,0.0,0.0,1.0,0.0,0.0,0.0,0.0
voyage.,0.0,0.0,0.0,1.0,0.0,0.0,0.0,0.0
Hubo,0.0,0.0,0.0,1.0,0.0,0.0,0.0,0.0
life,0.0,0.0,0.0,1.0,0.0,0.0,0.0,0.0
is,0.0,0.0,0.0,1.0,0.0,0.0,0.0,0.0
life),0.0,0.0,0.0,1.0,0.0,0.0,0.0,0.0
sitios,0.0,0.0,0.0,1.0,0.0,0.0,0.0,0.0
"local,",0.0,0.0,0.0,1.0,0.0,0.0,0.0,0.0
tienda),0.0,0.0,0.0,1.0,0.0,0.0,0.0,0.0
auriculares,0.0,0.0,0.0,1.0,0.0,0.0,0.0,0.0
canción.,0.0,0.0,0.0,1.0,0.0,0.0,0.0,0.0
Recuerdos,0.0,0.0,0.0,1.0,0.0,0.0,0.0,0.0
"conciertos,",0.0,0.0,0.0,1.0,0.0,0.0,0.0,0.0
celebrar,0.0,0.0,0.0,1.0,0.0,0.0,0.0,0.0
goles,0.0,0.0,0.0,1.0,0.0,0.0,0.0,0.0
estadio,0.0,0.0,0.0,1.0,0.0,0.0,0.0,0.0
fútbol,0.0,0.0,0.0,1.0,0.0,0.0,0.0,0.0
(algunas,0.0,0.0,0.0,1.0,0.0,0.0,0.0,0.0
sonaban).,0.0,0.0,0.0,1.0,0.0,0.0,0.0,0.0
esos,0.0,0.0,0.0,1.0,0.0,0.0,0.0,0.0
alegre.,0.0,0.0,0.0,1.0,0.0,0.0,0.0,0.0
Saturday,0.0,0.0,0.0,0.0,4.0,0.0,0.0,0.0
Night,0.0,0.0,0.0,0.0,3.0,0.0,0.0,0.0
es,0.0,0.0,0.0,0.0,2.0,3.0,2.0,0.0
evocan,0.0,0.0,0.0,0.0,2.0,1.0,0.0,0.0
"colegio,",0.0,0.0,0.0,0.0,2.0,0.0,3.0,1.0
casi,0.0,0.0,0.0,0.0,2.0,0.0,0.0,1.0
night,0.0,0.0,0.0,0.0,2.0,0.0,0.0,0.0
fui,0.0,0.0,0.0,0.0,2.0,0.0,0.0,0.0
poniendo,0.0,0.0,0.0,0.0,2.0,0.0,0.0,0.0
durante,0.0,0.0,0.0,0.0,1.0,2.0,1.0,2.0
tengo,0.0,0.0,0.0,0.0,1.0,2.0,1.0,0.0
su,0.0,0.0,0.0,0.0,1.0,1.0,1.0,2.0
parte,0.0,0.0,0.0,0.0,1.0,1.0,1.0,1.0
muchísimo,0.0,0.0,0.0,0.0,1.0,1.0,0.0,1.0
recientemente,0.0,0.0,0.0,0.0,1.0,1.0,0.0,0.0
Fiestas,0.0,0.0,0.0,0.0,1.0,0.0,2.0,0.0
compañero,0.0,0.0,0.0,0.0,1.0,0.0,1.0,1.0
niña,0.0,0.0,0.0,0.0,1.0,0.0,1.0,0.0
"baile,",0.0,0.0,0.0,0.0,1.0,0.0,1.0,0.0
Por,0.0,0.0,0.0,0.0,1.0,0.0,1.0,0.0
Madonna,0.0,0.0,0.0,0.0,1.0,0.0,0.0,2.0
concreto,0.0,0.0,0.0,0.0,1.0,0.0,0.0,1.0
video,0.0,0.0,0.0,0.0,1.0,0.0,0.0,1.0
misma,0.0,0.0,0.0,0.0,1.0,0.0,0.0,1.0
10,0.0,0.0,0.0,0.0,1.0,0.0,0.0,1.0
siendo,0.0,0.0,0.0,0.0,1.0,0.0,0.0,1.0
ski,0.0,0.0,0.0,0.0,1.0,0.0,0.0,0.0
Andorra,0.0,0.0,0.0,0.0,1.0,0.0,0.0,0.0
instituto.,0.0,0.0,0.0,0.0,1.0,0.0,0.0,0.0
15-16,0.0,0.0,0.0,0.0,1.0,0.0,0.0,0.0
paso,0.0,0.0,0.0,0.0,1.0,0.0,0.0,0.0
gracioso.,0.0,0.0,0.0,0.0,1.0,0.0,0.0,0.0
graduación,0.0,0.0,0.0,0.0,1.0,0.0,0.0,0.0
bachillerato,0.0,0.0,0.0,0.0,1.0,0.0,0.0,0.0
huerta,0.0,0.0,0.0,0.0,1.0,0.0,0.0,0.0
colegas,0.0,0.0,0.0,0.0,1.0,0.0,0.0,0.0
bailo,0.0,0.0,0.0,0.0,1.0,0.0,0.0,0.0
finales,0.0,0.0,0.0,0.0,1.0,0.0,0.0,0.0
febrero,0.0,0.0,0.0,0.0,1.0,0.0,0.0,0.0
2011,0.0,0.0,0.0,0.0,1.0,0.0,0.0,0.0
Instituto,0.0,0.0,0.0,0.0,1.0,0.0,0.0,0.0
esquiar,0.0,0.0,0.0,0.0,1.0,0.0,0.0,0.0
"pirineos,",0.0,0.0,0.0,0.0,1.0,0.0,0.0,0.0
"catalana,",0.0,0.0,0.0,0.0,1.0,0.0,0.0,0.0
autobús,0.0,0.0,0.0,0.0,1.0,0.0,0.0,0.0
senté,0.0,0.0,0.0,0.0,1.0,0.0,0.0,0.0
obsesionado,0.0,0.0,0.0,0.0,1.0,0.0,0.0,0.0
tema,0.0,0.0,0.0,0.0,1.0,0.0,0.0,0.0
"infinity,",0.0,0.0,0.0,0.0,1.0,0.0,0.0,0.0
siempre.,0.0,0.0,0.0,0.0,1.0,0.0,0.0,0.0
hotel,0.0,0.0,0.0,0.0,1.0,0.0,0.0,0.0
"padres,",0.0,0.0,0.0,0.0,1.0,0.0,0.0,0.0
fiestecilla,0.0,0.0,0.0,0.0,1.0,0.0,0.0,0.0
muchos,0.0,0.0,0.0,0.0,1.0,0.0,0.0,0.0
"niños,",0.0,0.0,0.0,0.0,1.0,0.0,0.0,0.0
saturday,0.0,0.0,0.0,0.0,1.0,0.0,0.0,0.0
fila.,0.0,0.0,0.0,0.0,1.0,0.0,0.0,0.0
aprendi,0.0,0.0,0.0,0.0,1.0,0.0,0.0,0.0
luego,0.0,0.0,0.0,0.0,1.0,0.0,0.0,0.0
claro,0.0,0.0,0.0,0.0,1.0,0.0,0.0,0.0
"mas,",0.0,0.0,0.0,0.0,1.0,0.0,0.0,0.0
bodas,0.0,0.0,0.0,0.0,1.0,0.0,0.0,0.0
asi,0.0,0.0,0.0,0.0,1.0,0.0,0.0,0.0
Desfile,0.0,0.0,0.0,0.0,1.0,0.0,0.0,0.0
carnaval,0.0,0.0,0.0,0.0,1.0,0.0,0.0,0.0
Vogue,0.0,0.0,0.0,0.0,1.0,0.0,0.0,0.0
"novio,",0.0,0.0,0.0,0.0,1.0,0.0,0.0,0.0
Youtube,0.0,0.0,0.0,0.0,1.0,0.0,0.0,0.0
grababamos,0.0,0.0,0.0,0.0,1.0,0.0,0.0,0.0
perrita,0.0,0.0,0.0,0.0,1.0,0.0,0.0,0.0
camiseta.,0.0,0.0,0.0,0.0,1.0,0.0,0.0,0.0
2012,0.0,0.0,0.0,0.0,1.0,0.0,0.0,0.0
aproximadamente,0.0,0.0,0.0,0.0,1.0,0.0,0.0,0.0
campamentos,0.0,0.0,0.0,0.0,1.0,0.0,0.0,0.0
típico,0.0,0.0,0.0,0.0,1.0,0.0,0.0,0.0
estábamos,0.0,0.0,0.0,0.0,1.0,0.0,0.0,0.0
ahi,0.0,0.0,0.0,0.0,1.0,0.0,0.0,0.0
(la,0.0,0.0,0.0,0.0,1.0,0.0,0.0,0.0
"sí,",0.0,0.0,0.0,0.0,1.0,0.0,0.0,0.0
contestado,0.0,0.0,0.0,0.0,1.0,0.0,0.0,0.0
pregunta,0.0,0.0,0.0,0.0,1.0,0.0,0.0,0.0
anterior.,0.0,0.0,0.0,0.0,1.0,0.0,0.0,0.0
no).,0.0,0.0,0.0,0.0,1.0,0.0,0.0,0.0
sirve,0.0,0.0,0.0,0.0,1.0,0.0,0.0,0.0
"algo,",0.0,0.0,0.0,0.0,1.0,0.0,0.0,0.0
respectivos,0.0,0.0,0.0,0.0,1.0,0.0,0.0,0.0
"videoclips,",0.0,0.0,0.0,0.0,1.0,0.0,0.0,0.0
caso,0.0,0.0,0.0,0.0,1.0,0.0,0.0,0.0
"Grease,",0.0,0.0,0.0,0.0,1.0,0.0,0.0,0.0
pues,0.0,0.0,0.0,0.0,1.0,0.0,0.0,0.0
película).,0.0,0.0,0.0,0.0,1.0,0.0,0.0,0.0
vívido,0.0,0.0,0.0,0.0,1.0,0.0,0.0,0.0
personal.,0.0,0.0,0.0,0.0,1.0,0.0,0.0,0.0
puedo,0.0,0.0,0.0,0.0,1.0,0.0,0.0,0.0
imaginar,0.0,0.0,0.0,0.0,1.0,0.0,0.0,0.0
escuchándolas,0.0,0.0,0.0,0.0,1.0,0.0,0.0,0.0
estado,0.0,0.0,0.0,0.0,1.0,0.0,0.0,0.0
retrotraen,0.0,0.0,0.0,0.0,1.0,0.0,0.0,0.0
determinada,0.0,0.0,0.0,0.0,1.0,0.0,0.0,0.0
"vida,",0.0,0.0,0.0,0.0,1.0,0.0,0.0,0.0
lleva,0.0,0.0,0.0,0.0,1.0,0.0,0.0,0.0
mismas,0.0,0.0,0.0,0.0,1.0,0.0,0.0,0.0
"siglos,",0.0,0.0,0.0,0.0,1.0,0.0,0.0,0.0
oído,0.0,0.0,0.0,0.0,1.0,0.0,0.0,0.0
indistintamente,0.0,0.0,0.0,0.0,1.0,0.0,0.0,0.0
"niñez,",0.0,0.0,0.0,0.0,1.0,0.0,0.0,0.0
"preadolescencia,",0.0,0.0,0.0,0.0,1.0,0.0,0.0,0.0
adolescencia...,0.0,0.0,0.0,0.0,1.0,0.0,0.0,0.0
Pasandomela,0.0,0.0,0.0,0.0,1.0,0.0,0.0,0.0
bluetooth,0.0,0.0,0.0,0.0,1.0,0.0,0.0,0.0
recreooo.,0.0,0.0,0.0,0.0,1.0,0.0,0.0,0.0
Otra,0.0,0.0,0.0,0.0,1.0,0.0,0.0,0.0
bailé,0.0,0.0,0.0,0.0,1.0,0.0,0.0,0.0
nada,0.0,0.0,0.0,0.0,1.0,0.0,0.0,0.0
clásico,0.0,0.0,0.0,0.0,1.0,0.0,0.0,0.0
noches,0.0,0.0,0.0,0.0,1.0,0.0,0.0,0.0
borrachera,0.0,0.0,0.0,0.0,1.0,0.0,0.0,0.0
hahah,0.0,0.0,0.0,0.0,1.0,0.0,0.0,0.0
seguirá,0.0,0.0,0.0,0.0,1.0,0.0,0.0,0.0
eso,0.0,0.0,0.0,0.0,1.0,0.0,0.0,0.0
bebiendo,0.0,0.0,0.0,0.0,1.0,0.0,0.0,0.0
ex,0.0,0.0,0.0,0.0,1.0,0.0,0.0,0.0
gente,0.0,0.0,0.0,0.0,1.0,0.0,0.0,0.0
bailando,0.0,0.0,0.0,0.0,1.0,0.0,0.0,0.0
"cantando,",0.0,0.0,0.0,0.0,1.0,0.0,0.0,0.0
Unas,0.0,0.0,0.0,0.0,1.0,0.0,0.0,0.0
veranos,0.0,0.0,0.0,0.0,1.0,0.0,0.0,0.0
varios,0.0,0.0,0.0,0.0,1.0,0.0,0.0,0.0
meses,0.0,0.0,0.0,0.0,1.0,0.0,0.0,0.0
delante,0.0,0.0,0.0,0.0,1.0,0.0,0.0,0.0
disfrutar.,0.0,0.0,0.0,0.0,1.0,0.0,0.0,0.0
tomando,0.0,0.0,0.0,0.0,1.0,0.0,0.0,0.0
cerveza,0.0,0.0,0.0,0.0,1.0,0.0,0.0,0.0
tranquilamente,0.0,0.0,0.0,0.0,1.0,0.0,0.0,0.0
"preocupaciones,",0.0,0.0,0.0,0.0,1.0,0.0,0.0,0.0
empresa.,0.0,0.0,0.0,0.0,1.0,0.0,0.0,0.0
pusimos,0.0,0.0,0.0,0.0,1.0,0.0,0.0,0.0
quando,0.0,0.0,0.0,0.0,1.0,0.0,0.0,0.0
eramos,0.0,0.0,0.0,0.0,1.0,0.0,0.0,0.0
adolescentes,0.0,0.0,0.0,0.0,1.0,0.0,0.0,0.0
institute,0.0,0.0,0.0,0.0,1.0,0.0,0.0,0.0
"carnaval,",0.0,0.0,0.0,0.0,1.0,0.0,0.0,0.0
ibamos,0.0,0.0,0.0,0.0,1.0,0.0,0.0,0.0
todxs,0.0,0.0,0.0,0.0,1.0,0.0,0.0,0.0
disfrazadxs,0.0,0.0,0.0,0.0,1.0,0.0,0.0,0.0
"""discoteca"".",0.0,0.0,0.0,0.0,1.0,0.0,0.0,0.0
Muy,0.0,0.0,0.0,0.0,1.0,0.0,0.0,0.0
divertido.,0.0,0.0,0.0,0.0,1.0,0.0,0.0,0.0
solo,0.0,0.0,0.0,0.0,0.0,3.0,1.0,0.0
escuchaba,0.0,0.0,0.0,0.0,0.0,2.0,2.0,3.0
gustaba,0.0,0.0,0.0,0.0,0.0,2.0,1.0,2.0
primeras,0.0,0.0,0.0,0.0,0.0,2.0,0.0,0.0
Zombie,0.0,0.0,0.0,0.0,0.0,2.0,0.0,0.0
Scatman,0.0,0.0,0.0,0.0,0.0,2.0,0.0,0.0
poco,0.0,0.0,0.0,0.0,0.0,1.0,2.0,1.0
hecho,0.0,0.0,0.0,0.0,0.0,1.0,2.0,0.0
sé,0.0,0.0,0.0,0.0,0.0,1.0,1.0,0.0
escucho,0.0,0.0,0.0,0.0,0.0,1.0,0.0,2.0
ella.,0.0,0.0,0.0,0.0,0.0,1.0,0.0,1.0
Pero,0.0,0.0,0.0,0.0,0.0,1.0,0.0,1.0
hermano,0.0,0.0,0.0,0.0,0.0,1.0,0.0,1.0
Celebrar,0.0,0.0,0.0,0.0,0.0,1.0,0.0,0.0
dos,0.0,0.0,0.0,0.0,0.0,1.0,0.0,0.0
bucle,0.0,0.0,0.0,0.0,0.0,1.0,0.0,0.0
Alrededor,0.0,0.0,0.0,0.0,0.0,1.0,0.0,0.0
2006,0.0,0.0,0.0,0.0,0.0,1.0,0.0,0.0
daban,0.0,0.0,0.0,0.0,0.0,1.0,0.0,0.0
happy,0.0,0.0,0.0,0.0,0.0,1.0,0.0,0.0
meal,0.0,0.0,0.0,0.0,0.0,1.0,0.0,0.0
reproductores,0.0,0.0,0.0,0.0,0.0,1.0,0.0,0.0
toco,0.0,0.0,0.0,0.0,0.0,1.0,0.0,0.0
"mismo,",0.0,0.0,0.0,0.0,0.0,1.0,0.0,0.0
usábamos,0.0,0.0,0.0,0.0,0.0,1.0,0.0,0.0
banda,0.0,0.0,0.0,0.0,0.0,1.0,0.0,0.0
sonora,0.0,0.0,0.0,0.0,0.0,1.0,0.0,0.0
bratz,0.0,0.0,0.0,0.0,0.0,1.0,0.0,0.0
recientemente...,0.0,0.0,0.0,0.0,0.0,1.0,0.0,0.0
Solía,0.0,0.0,0.0,0.0,0.0,1.0,0.0,0.0
interpretar,0.0,0.0,0.0,0.0,0.0,1.0,0.0,0.0
Grupo,0.0,0.0,0.0,0.0,0.0,1.0,0.0,0.0
descargarme,0.0,0.0,0.0,0.0,0.0,1.0,0.0,0.0
zombie,0.0,0.0,0.0,0.0,0.0,1.0,0.0,0.0
"ipod,",0.0,0.0,0.0,0.0,0.0,1.0,0.0,0.0
"cascos,",0.0,0.0,0.0,0.0,0.0,1.0,0.0,0.0
igual,0.0,0.0,0.0,0.0,0.0,1.0,0.0,0.0
adolescencia,0.0,0.0,0.0,0.0,0.0,1.0,0.0,0.0
Pueblo,0.0,0.0,0.0,0.0,0.0,1.0,0.0,0.0
Mambo,0.0,0.0,0.0,0.0,0.0,1.0,0.0,0.0
number,0.0,0.0,0.0,0.0,0.0,1.0,0.0,0.0
sonó,0.0,0.0,0.0,0.0,0.0,1.0,0.0,0.0
2010,0.0,0.0,0.0,0.0,0.0,1.0,0.0,0.0
inventé,0.0,0.0,0.0,0.0,0.0,1.0,0.0,0.0
Gene,0.0,0.0,0.0,0.0,0.0,1.0,0.0,0.0
in,0.0,0.0,0.0,0.0,0.0,1.0,0.0,0.0
bottle,0.0,0.0,0.0,0.0,0.0,1.0,0.0,0.0
"mayor,",0.0,0.0,0.0,0.0,0.0,1.0,0.0,0.0
parecía,0.0,0.0,0.0,0.0,0.0,1.0,0.0,0.0
guay,0.0,0.0,0.0,0.0,0.0,1.0,0.0,0.0
sólo,0.0,0.0,0.0,0.0,0.0,1.0,0.0,0.0
escuchara,0.0,0.0,0.0,0.0,0.0,1.0,0.0,0.0
hermana.,0.0,0.0,0.0,0.0,0.0,1.0,0.0,0.0
medio,0.0,0.0,0.0,0.0,0.0,1.0,0.0,0.0
limón,0.0,0.0,0.0,0.0,0.0,1.0,0.0,0.0
escuché,0.0,0.0,0.0,0.0,0.0,1.0,0.0,0.0
serie,0.0,0.0,0.0,0.0,0.0,1.0,0.0,0.0
"""Veneno"",",0.0,0.0,0.0,0.0,0.0,1.0,0.0,0.0
"""""Biibababirapo""""",0.0,0.0,0.0,0.0,0.0,1.0,0.0,0.0
usa,0.0,0.0,0.0,0.0,0.0,1.0,0.0,0.0
actualidad,0.0,0.0,0.0,0.0,0.0,1.0,0.0,0.0
"memes,",0.0,0.0,0.0,0.0,0.0,1.0,0.0,0.0
frecuentemente,0.0,0.0,0.0,0.0,0.0,1.0,0.0,0.0
"mp3,",0.0,0.0,0.0,0.0,0.0,1.0,0.0,0.0
pueblo.,0.0,0.0,0.0,0.0,0.0,1.0,0.0,0.0
acabé,0.0,0.0,0.0,0.0,0.0,1.0,0.0,0.0
olvidando,0.0,0.0,0.0,0.0,0.0,1.0,0.0,0.0
acordado,0.0,0.0,0.0,0.0,0.0,1.0,0.0,0.0
partir,0.0,0.0,0.0,0.0,0.0,1.0,0.0,0.0
volvió,0.0,0.0,0.0,0.0,0.0,1.0,0.0,0.0
meme,0.0,0.0,0.0,0.0,0.0,1.0,0.0,0.0
poco.,0.0,0.0,0.0,0.0,0.0,1.0,0.0,0.0
asociados,0.0,0.0,0.0,0.0,0.0,1.0,0.0,0.0
felices,0.0,0.0,0.0,0.0,0.0,1.0,0.0,0.0
agridulces,0.0,0.0,0.0,0.0,0.0,1.0,0.0,0.0
reconocido.,0.0,0.0,0.0,0.0,0.0,1.0,0.0,0.0
"realidad,",0.0,0.0,0.0,0.0,0.0,1.0,0.0,0.0
vívidos.,0.0,0.0,0.0,0.0,0.0,1.0,0.0,0.0
"escena,",0.0,0.0,0.0,0.0,0.0,1.0,0.0,0.0
"memoria,",0.0,0.0,0.0,0.0,0.0,1.0,0.0,0.0
perfectamente,0.0,0.0,0.0,0.0,0.0,1.0,0.0,0.0
haberlas,0.0,0.0,0.0,0.0,0.0,1.0,0.0,0.0
vez.,0.0,0.0,0.0,0.0,0.0,1.0,0.0,0.0
Y,0.0,0.0,0.0,0.0,0.0,1.0,0.0,0.0
Aguilera,0.0,0.0,0.0,0.0,0.0,1.0,0.0,0.0
MTV.,0.0,0.0,0.0,0.0,0.0,1.0,0.0,0.0
Igual,0.0,0.0,0.0,0.0,0.0,1.0,0.0,0.0
debería,0.0,0.0,0.0,0.0,0.0,1.0,0.0,0.0
radio.,0.0,0.0,0.0,0.0,0.0,1.0,0.0,0.0
"pienso,",0.0,0.0,0.0,0.0,0.0,1.0,0.0,0.0
pueden,0.0,0.0,0.0,0.0,0.0,1.0,0.0,0.0
evocarme,0.0,0.0,0.0,0.0,0.0,1.0,0.0,0.0
videoclip.,0.0,0.0,0.0,0.0,0.0,1.0,0.0,0.0
pasa,0.0,0.0,0.0,0.0,0.0,1.0,0.0,0.0
"Aguilera,",0.0,0.0,0.0,0.0,0.0,1.0,0.0,0.0
videoclips,0.0,0.0,0.0,0.0,0.0,1.0,0.0,0.0
Maroon,0.0,0.0,0.0,0.0,0.0,1.0,0.0,0.0
Number,0.0,0.0,0.0,0.0,0.0,1.0,0.0,0.0
"5,",0.0,0.0,0.0,0.0,0.0,1.0,0.0,0.0
"pipapaparapa,",0.0,0.0,0.0,0.0,0.0,1.0,0.0,0.0
típicas,0.0,0.0,0.0,0.0,0.0,1.0,0.0,0.0
salgan,0.0,0.0,0.0,0.0,0.0,1.0,0.0,0.0
radio/,0.0,0.0,0.0,0.0,0.0,1.0,0.0,0.0
tuviera,0.0,0.0,0.0,0.0,0.0,1.0,0.0,0.0
casette,0.0,0.0,0.0,0.0,0.0,1.0,0.0,0.0
tipo,0.0,0.0,0.0,0.0,0.0,1.0,0.0,0.0
mongolear,0.0,0.0,0.0,0.0,0.0,1.0,0.0,0.0
Yo,0.0,0.0,0.0,0.0,0.0,1.0,0.0,0.0
escuche,0.0,0.0,0.0,0.0,0.0,1.0,0.0,0.0
versión,0.0,0.0,0.0,0.0,0.0,1.0,0.0,0.0
techno,0.0,0.0,0.0,0.0,0.0,1.0,0.0,0.0
"Cranberries""",0.0,0.0,0.0,0.0,0.0,1.0,0.0,0.0
",",0.0,0.0,0.0,0.0,0.0,1.0,0.0,0.0
alucinaba,0.0,0.0,0.0,0.0,0.0,1.0,0.0,0.0
mundo,0.0,0.0,0.0,0.0,0.0,1.0,0.0,0.0
sabia,0.0,0.0,0.0,0.0,0.0,1.0,0.0,0.0
"techno,",0.0,0.0,0.0,0.0,0.0,1.0,0.0,0.0
grupo,0.0,0.0,0.0,0.0,0.0,1.0,0.0,0.0
original,0.0,0.0,0.0,0.0,0.0,1.0,0.0,0.0
"no,",0.0,0.0,0.0,0.0,0.0,1.0,0.0,0.0
bastante,0.0,0.0,0.0,0.0,0.0,1.0,0.0,0.0
famoso.,0.0,0.0,0.0,0.0,0.0,1.0,0.0,0.0
bailarla,0.0,0.0,0.0,0.0,0.0,1.0,0.0,0.0
acrogimnasia.,0.0,0.0,0.0,0.0,0.0,1.0,0.0,0.0
Hace,0.0,0.0,0.0,0.0,0.0,1.0,0.0,0.0
redescubió,0.0,0.0,0.0,0.0,0.0,1.0,0.0,0.0
contó,0.0,0.0,0.0,0.0,0.0,1.0,0.0,0.0
história,0.0,0.0,0.0,0.0,0.0,1.0,0.0,0.0
significado.,0.0,0.0,0.0,0.0,0.0,1.0,0.0,0.0
torero,0.0,0.0,0.0,0.0,0.0,0.0,4.0,0.0
Estopa,0.0,0.0,0.0,0.0,0.0,0.0,3.0,0.0
patio,0.0,0.0,0.0,0.0,0.0,0.0,2.0,0.0
Hay,0.0,0.0,0.0,0.0,0.0,0.0,2.0,0.0
2000,0.0,0.0,0.0,0.0,0.0,0.0,2.0,0.0
encantaba,0.0,0.0,0.0,0.0,0.0,0.0,2.0,0.0
cómo,0.0,0.0,0.0,0.0,0.0,0.0,2.0,0.0
ahora,0.0,0.0,0.0,0.0,0.0,0.0,2.0,0.0
ha,0.0,0.0,0.0,0.0,0.0,0.0,1.0,2.0
disco,0.0,0.0,0.0,0.0,0.0,0.0,1.0,1.0
MTV,0.0,0.0,0.0,0.0,0.0,0.0,1.0,1.0
DiscMan,0.0,0.0,0.0,0.0,0.0,0.0,1.0,1.0
momento.,0.0,0.0,0.0,0.0,0.0,0.0,1.0,1.0
compañeras.,0.0,0.0,0.0,0.0,0.0,0.0,1.0,0.0
9-11,0.0,0.0,0.0,0.0,0.0,0.0,1.0,0.0
"curso,",0.0,0.0,0.0,0.0,0.0,0.0,1.0,0.0
populares,0.0,0.0,0.0,0.0,0.0,0.0,1.0,0.0
amigas.,0.0,0.0,0.0,0.0,0.0,0.0,1.0,0.0
Sonó,0.0,0.0,0.0,0.0,0.0,0.0,1.0,0.0
"viaje,",0.0,0.0,0.0,0.0,0.0,0.0,1.0,0.0
También,0.0,0.0,0.0,0.0,0.0,0.0,1.0,0.0
pub,0.0,0.0,0.0,0.0,0.0,0.0,1.0,0.0
solíamos,0.0,0.0,0.0,0.0,0.0,0.0,1.0,0.0
ir.,0.0,0.0,0.0,0.0,0.0,0.0,1.0,0.0
David,0.0,0.0,0.0,0.0,0.0,0.0,1.0,0.0
Bisbal,0.0,0.0,0.0,0.0,0.0,0.0,1.0,0.0
bares,0.0,0.0,0.0,0.0,0.0,0.0,1.0,0.0
domingo,0.0,0.0,0.0,0.0,0.0,0.0,1.0,0.0
misa,0.0,0.0,0.0,0.0,0.0,0.0,1.0,0.0
early,0.0,0.0,0.0,0.0,0.0,0.0,1.0,0.0
infancia,0.0,0.0,0.0,0.0,0.0,0.0,1.0,0.0
bailes,0.0,0.0,0.0,0.0,0.0,0.0,1.0,0.0
Leonardo,0.0,0.0,0.0,0.0,0.0,0.0,1.0,0.0
Dantés,0.0,0.0,0.0,0.0,0.0,0.0,1.0,0.0
Chayanne.,0.0,0.0,0.0,0.0,0.0,0.0,1.0,0.0
Upa,0.0,0.0,0.0,0.0,0.0,0.0,1.0,0.0
Dance,0.0,0.0,0.0,0.0,0.0,0.0,1.0,0.0
(recuerdos,0.0,0.0,0.0,0.0,0.0,0.0,1.0,0.0
sola),0.0,0.0,0.0,0.0,0.0,0.0,1.0,0.0
tambien,0.0,0.0,0.0,0.0,0.0,0.0,1.0,0.0
representando,0.0,0.0,0.0,0.0,0.0,0.0,1.0,0.0
"letra,",0.0,0.0,0.0,0.0,0.0,0.0,1.0,0.0
inflamados,0.0,0.0,0.0,0.0,0.0,0.0,1.0,0.0
Escuchando,0.0,0.0,0.0,0.0,0.0,0.0,1.0,0.0
algunos,0.0,0.0,0.0,0.0,0.0,0.0,1.0,0.0
8-10,0.0,0.0,0.0,0.0,0.0,0.0,1.0,0.0
regalaron,0.0,0.0,0.0,0.0,0.0,0.0,1.0,0.0
inventamos,0.0,0.0,0.0,0.0,0.0,0.0,1.0,0.0
escucharlas,0.0,0.0,0.0,0.0,0.0,0.0,1.0,0.0
momento,0.0,0.0,0.0,0.0,0.0,0.0,1.0,0.0
(imagino,0.0,0.0,0.0,0.0,0.0,0.0,1.0,0.0
"bien),",0.0,0.0,0.0,0.0,0.0,0.0,1.0,0.0
sí,0.0,0.0,0.0,0.0,0.0,0.0,1.0,0.0
sentir,0.0,0.0,0.0,0.0,0.0,0.0,1.0,0.0
mismo.,0.0,0.0,0.0,0.0,0.0,0.0,1.0,0.0
(principalmente,0.0,0.0,0.0,0.0,0.0,0.0,1.0,0.0
piscina,0.0,0.0,0.0,0.0,0.0,0.0,1.0,0.0
"fiestas),",0.0,0.0,0.0,0.0,0.0,0.0,1.0,0.0
agradable,0.0,0.0,0.0,0.0,0.0,0.0,1.0,0.0
época.,0.0,0.0,0.0,0.0,0.0,0.0,1.0,0.0
dado,0.0,0.0,0.0,0.0,0.0,0.0,1.0,0.0
ansiedad,0.0,0.0,0.0,0.0,0.0,0.0,1.0,0.0
:_,0.0,0.0,0.0,0.0,0.0,0.0,1.0,0.0
"vívidos,",0.0,0.0,0.0,0.0,0.0,0.0,1.0,0.0
oía,0.0,0.0,0.0,0.0,0.0,0.0,1.0,0.0
televisión),0.0,0.0,0.0,0.0,0.0,0.0,1.0,0.0
videoclip,0.0,0.0,0.0,0.0,0.0,0.0,1.0,0.0
incluido.,0.0,0.0,0.0,0.0,0.0,0.0,1.0,0.0
"salón,",0.0,0.0,0.0,0.0,0.0,0.0,1.0,0.0
"reconstrucción,",0.0,0.0,0.0,0.0,0.0,0.0,1.0,0.0
imposible,0.0,0.0,0.0,0.0,0.0,0.0,1.0,0.0
acuerde.,0.0,0.0,0.0,0.0,0.0,0.0,1.0,0.0
Veranito,0.0,0.0,0.0,0.0,0.0,0.0,1.0,0.0
playa,0.0,0.0,0.0,0.0,0.0,0.0,1.0,0.0
sexto,0.0,0.0,0.0,0.0,0.0,0.0,1.0,0.0
primaria,0.0,0.0,0.0,0.0,0.0,0.0,1.0,0.0
descargado,0.0,0.0,0.0,0.0,0.0,0.0,1.0,0.0
rellano,0.0,0.0,0.0,0.0,0.0,0.0,1.0,0.0
Kazaa.,0.0,0.0,0.0,0.0,0.0,0.0,1.0,0.0
comprara,0.0,0.0,0.0,0.0,0.0,0.0,1.0,0.0
pirata,0.0,0.0,0.0,0.0,0.0,0.0,1.0,0.0
Caribe,0.0,0.0,0.0,0.0,0.0,0.0,1.0,0.0
Mix,0.0,0.0,0.0,0.0,0.0,0.0,1.0,0.0
Bomba,0.0,0.0,0.0,0.0,0.0,0.0,1.0,0.0
hitazo,0.0,0.0,0.0,0.0,0.0,0.0,1.0,0.0
comercialísimo,0.0,0.0,0.0,0.0,0.0,0.0,1.0,0.0
supuesto,0.0,0.0,0.0,0.0,0.0,0.0,1.0,0.0
5to,0.0,0.0,0.0,0.0,0.0,0.0,1.0,0.0
6to,0.0,0.0,0.0,0.0,0.0,0.0,1.0,0.0
"primaria,",0.0,0.0,0.0,0.0,0.0,0.0,1.0,0.0
"amigos,",0.0,0.0,0.0,0.0,0.0,0.0,1.0,0.0
Ricky,0.0,0.0,0.0,0.0,0.0,0.0,1.0,0.0
Martin,0.0,0.0,0.0,0.0,0.0,0.0,1.0,0.0
Chayanne,0.0,0.0,0.0,0.0,0.0,0.0,1.0,0.0
ensayaba,0.0,0.0,0.0,0.0,0.0,0.0,1.0,0.0
curso.,0.0,0.0,0.0,0.0,0.0,0.0,1.0,0.0
da,0.0,0.0,0.0,0.0,0.0,0.0,1.0,0.0
general.,0.0,0.0,0.0,0.0,0.0,0.0,1.0,0.0
sonar,0.0,0.0,0.0,0.0,0.0,0.0,1.0,0.0
veraneando,0.0,0.0,0.0,0.0,0.0,0.0,1.0,0.0
playa.,0.0,0.0,0.0,0.0,0.0,0.0,1.0,0.0
rap,0.0,0.0,0.0,0.0,0.0,0.0,0.0,4.0
Shakira,0.0,0.0,0.0,0.0,0.0,0.0,0.0,3.0
hacía,0.0,0.0,0.0,0.0,0.0,0.0,0.0,3.0
amiga,0.0,0.0,0.0,0.0,0.0,0.0,0.0,3.0
deberes,0.0,0.0,0.0,0.0,0.0,0.0,0.0,2.0
reírme,0.0,0.0,0.0,0.0,0.0,0.0,0.0,2.0
Pitbull,0.0,0.0,0.0,0.0,0.0,0.0,0.0,2.0
escucharla,0.0,0.0,0.0,0.0,0.0,0.0,0.0,2.0
esta,0.0,0.0,0.0,0.0,0.0,0.0,0.0,2.0
acera,0.0,0.0,0.0,0.0,0.0,0.0,0.0,1.0
concreta,0.0,0.0,0.0,0.0,0.0,0.0,0.0,1.0
barrio,0.0,0.0,0.0,0.0,0.0,0.0,0.0,1.0
ipod.,0.0,0.0,0.0,0.0,0.0,0.0,0.0,1.0
Hará,0.0,0.0,0.0,0.0,0.0,0.0,0.0,1.0
chico,0.0,0.0,0.0,0.0,0.0,0.0,0.0,1.0
hammerfall,0.0,0.0,0.0,0.0,0.0,0.0,0.0,1.0
dijo,0.0,0.0,0.0,0.0,0.0,0.0,0.0,1.0
suya,0.0,0.0,0.0,0.0,0.0,0.0,0.0,1.0
colgando,0.0,0.0,0.0,0.0,0.0,0.0,0.0,1.0
tus,0.0,0.0,0.0,0.0,0.0,0.0,0.0,1.0
Violadores,0.0,0.0,0.0,0.0,0.0,0.0,0.0,1.0
versi,0.0,0.0,0.0,0.0,0.0,0.0,0.0,1.0
camino,0.0,0.0,0.0,0.0,0.0,0.0,0.0,1.0
Barcelona,0.0,0.0,0.0,0.0,0.0,0.0,0.0,1.0
13/14,0.0,0.0,0.0,0.0,0.0,0.0,0.0,1.0
dibujaba,0.0,0.0,0.0,0.0,0.0,0.0,0.0,1.0
Viva,0.0,0.0,0.0,0.0,0.0,0.0,0.0,1.0
betis,0.0,0.0,0.0,0.0,0.0,0.0,0.0,1.0
"youtube,",0.0,0.0,0.0,0.0,0.0,0.0,0.0,1.0
"""suerte",0.0,0.0,0.0,0.0,0.0,0.0,0.0,1.0
pechos,0.0,0.0,0.0,0.0,0.0,0.0,0.0,1.0
pequeños,0.0,0.0,0.0,0.0,0.0,0.0,0.0,1.0
confundas,0.0,0.0,0.0,0.0,0.0,0.0,0.0,1.0
"montañas""",0.0,0.0,0.0,0.0,0.0,0.0,0.0,1.0
tarde,0.0,0.0,0.0,0.0,0.0,0.0,0.0,1.0
(2012-2014),0.0,0.0,0.0,0.0,0.0,0.0,0.0,1.0
bus,0.0,0.0,0.0,0.0,0.0,0.0,0.0,1.0
parecían,0.0,0.0,0.0,0.0,0.0,0.0,0.0,1.0
ridículas,0.0,0.0,0.0,0.0,0.0,0.0,0.0,1.0
haber,0.0,0.0,0.0,0.0,0.0,0.0,0.0,1.0
pesadísimo,0.0,0.0,0.0,0.0,0.0,0.0,0.0,1.0
"ella,",0.0,0.0,0.0,0.0,0.0,0.0,0.0,1.0
peluche,0.0,0.0,0.0,0.0,0.0,0.0,0.0,1.0
león,0.0,0.0,0.0,0.0,0.0,0.0,0.0,1.0
inventaba,0.0,0.0,0.0,0.0,0.0,0.0,0.0,1.0
letra,0.0,0.0,0.0,0.0,0.0,0.0,0.0,1.0
ritmo,0.0,0.0,0.0,0.0,0.0,0.0,0.0,1.0
estuve,0.0,0.0,0.0,0.0,0.0,0.0,0.0,1.0
(con,0.0,0.0,0.0,0.0,0.0,0.0,0.0,1.0
variaciones),0.0,0.0,0.0,0.0,0.0,0.0,0.0,1.0
1,0.0,0.0,0.0,0.0,0.0,0.0,0.0,1.0
hora,0.0,0.0,0.0,0.0,0.0,0.0,0.0,1.0
(recuerdo,0.0,0.0,0.0,0.0,0.0,0.0,0.0,1.0
consciente,0.0,0.0,0.0,0.0,0.0,0.0,0.0,1.0
pesado,0.0,0.0,0.0,0.0,0.0,0.0,0.0,1.0
parar,0.0,0.0,0.0,0.0,0.0,0.0,0.0,1.0
gracia,0.0,0.0,0.0,0.0,0.0,0.0,0.0,1.0
molestando).,0.0,0.0,0.0,0.0,0.0,0.0,0.0,1.0
sino,0.0,0.0,0.0,0.0,0.0,0.0,0.0,1.0
tíos,0.0,0.0,0.0,0.0,0.0,0.0,0.0,1.0
primos.,0.0,0.0,0.0,0.0,0.0,0.0,0.0,1.0
Saints,0.0,0.0,0.0,0.0,0.0,0.0,0.0,1.0
Are,0.0,0.0,0.0,0.0,0.0,0.0,0.0,1.0
Coming,0.0,0.0,0.0,0.0,0.0,0.0,0.0,1.0
"Katrina,",0.0,0.0,0.0,0.0,0.0,0.0,0.0,1.0
probablemente,0.0,0.0,0.0,0.0,0.0,0.0,0.0,1.0
guays,0.0,0.0,0.0,0.0,0.0,0.0,0.0,1.0
conocí,0.0,0.0,0.0,0.0,0.0,0.0,0.0,1.0
U2,0.0,0.0,0.0,0.0,0.0,0.0,0.0,1.0
Green,0.0,0.0,0.0,0.0,0.0,0.0,0.0,1.0
Day,0.0,0.0,0.0,0.0,0.0,0.0,0.0,1.0
gracias,0.0,0.0,0.0,0.0,0.0,0.0,0.0,1.0
"meses,",0.0,0.0,0.0,0.0,0.0,0.0,0.0,1.0
compu,0.0,0.0,0.0,0.0,0.0,0.0,0.0,1.0
piso,0.0,0.0,0.0,0.0,0.0,0.0,0.0,1.0
sabía,0.0,0.0,0.0,0.0,0.0,0.0,0.0,1.0
discografía,0.0,0.0,0.0,0.0,0.0,0.0,0.0,1.0
Shakira.,0.0,0.0,0.0,0.0,0.0,0.0,0.0,1.0
"básicamente,",0.0,0.0,0.0,0.0,0.0,0.0,0.0,1.0
Alejandro,0.0,0.0,0.0,0.0,0.0,0.0,0.0,1.0
Sanz,0.0,0.0,0.0,0.0,0.0,0.0,0.0,1.0
par,0.0,0.0,0.0,0.0,0.0,0.0,0.0,1.0
robo,0.0,0.0,0.0,0.0,0.0,0.0,0.0,1.0
hip,0.0,0.0,0.0,0.0,0.0,0.0,0.0,1.0
hop,0.0,0.0,0.0,0.0,0.0,0.0,0.0,1.0
recopilación,0.0,0.0,0.0,0.0,0.0,0.0,0.0,1.0
escucharlo,0.0,0.0,0.0,0.0,0.0,0.0,0.0,1.0
quemé,0.0,0.0,0.0,0.0,0.0,0.0,0.0,1.0
escucharlo.,0.0,0.0,0.0,0.0,0.0,0.0,0.0,1.0
Tanto,0.0,0.0,0.0,0.0,0.0,0.0,0.0,1.0
sentaba,0.0,0.0,0.0,0.0,0.0,0.0,0.0,1.0
dábamos,0.0,0.0,0.0,0.0,0.0,0.0,0.0,1.0
diría,0.0,0.0,0.0,0.0,0.0,0.0,0.0,1.0
gran,0.0,0.0,0.0,0.0,0.0,0.0,0.0,1.0
nuestra,0.0,0.0,0.0,0.0,0.0,0.0,0.0,1.0
"amistad,",0.0,0.0,0.0,0.0,0.0,0.0,0.0,1.0
todavía,0.0,0.0,0.0,0.0,0.0,0.0,0.0,1.0
disfruto,0.0,0.0,0.0,0.0,0.0,0.0,0.0,1.0
surgió,0.0,0.0,0.0,0.0,0.0,0.0,0.0,1.0
Estas,0.0,0.0,0.0,0.0,0.0,0.0,0.0,1.0
aparecían,0.0,0.0,0.0,0.0,0.0,0.0,0.0,1.0
muchísimos,0.0,0.0,0.0,0.0,0.0,0.0,0.0,1.0
“me,0.0,0.0,0.0,0.0,0.0,0.0,0.0,1.0
acompañado,0.0,0.0,0.0,0.0,0.0,0.0,0.0,1.0
Tele,0.0,0.0,0.0,0.0,0.0,0.0,0.0,1.0
algo”,0.0,0.0,0.0,0.0,0.0,0.0,0.0,1.0
"adolescente,",0.0,0.0,0.0,0.0,0.0,0.0,0.0,1.0
descubría,0.0,0.0,0.0,0.0,0.0,0.0,0.0,1.0
buscaba,0.0,0.0,0.0,0.0,0.0,0.0,0.0,1.0
nuevos,0.0,0.0,0.0,0.0,0.0,0.0,0.0,1.0
temazos.,0.0,0.0,0.0,0.0,0.0,0.0,0.0,1.0
este,0.0,0.0,0.0,0.0,0.0,0.0,0.0,1.0
raprero,0.0,0.0,0.0,0.0,0.0,0.0,0.0,1.0
(rapsus,0.0,0.0,0.0,0.0,0.0,0.0,0.0,1.0
violadores,0.0,0.0,0.0,0.0,0.0,0.0,0.0,1.0
verso?),0.0,0.0,0.0,0.0,0.0,0.0,0.0,1.0
d,0.0,0.0,0.0,0.0,0.0,0.0,0.0,1.0
nombres,0.0,0.0,0.0,0.0,0.0,0.0,0.0,1.0
nunca.,0.0,0.0,0.0,0.0,0.0,0.0,0.0,1.0
